{
    "status": "success",
    "logs": [
        "--- .OP Analysis ---",
        "V(IN)      |  1.20000e+01 V",
        "V(MID)     |  8.00000e+00 V",
        "I(V1)      | -4.00000e-03 A",
        "P(V1)      | -4.80000e-02 W",
        "P(R1)      |  6.40640e-02 W",
        "P(R2)      |  7.20480e-02 W"
    ],
    "plots": [],
    "layout": {},
    "op_results": {
        "V(IN)": 12.0,
        "V(MID)": 8.0,
        "I(V1)": -0.004,
        "P(V1)": -0.048,
        "P(R1)": 0.064064016,
        "P(R2)": 0.072048008
    }
}